opportunity_id,dimension,score_1_to_5,evidence_confidence,evidence_refs,gap_or_fix,blocking_status,owner,next_step
,use_case_framing_readiness,,,,,,,
,business_value,,,,,,,
,workflow_clarity,,,,,,,
,source_access_readiness,,,,,,,
,data_quality,,,,,,,
,truth_production_readiness,,,,,,,
,knowledge_guidance_readiness,,,,,,,
,measurement_readiness,,,,,,,
,ai_capability_metrics_readiness,,,,,,,
,regulated_domain_readiness,,,,,,,
,solution_shape_readiness,,,,,,,
,architecture_feasibility,,,,,,,
,risk_control_readiness,,,,,,,
,human_oversight_readiness,,,,,,,
,change_lifecycle_readiness,,,,,,,
,adoption_change_readiness,,,,,,,
